{"O-Swing_pct": {"mean": 0.3142319152184423, "std": 0.05896356372011375}, "Z-Contact_pct": {"mean": 0.8606564206734916, "std": 0.04913988313326462}, "xISO": {"mean": 0.16868540947502042, "std": 0.05973149179353417}, "xFIP": {"mean": 4.184017229417402, "std": 0.8213906647379854}}