{
  "scaler_mean": [
    70.69057971014493,
    7.232418001525554
  ],
  "scaler_std": [
    3.1866337649085823,
    0.4615805722346895
  ],
  "feature_names": [
    "x0",
    "x1",
    "x0^2",
    "x0 x1",
    "x1^2"
  ],
  "training_stats": {
    "n_observations": 1311,
    "bat_speed_mean": 70.69057971014493,
    "bat_speed_std": 3.1878498053134283,
    "swing_length_mean": 7.232418001525554,
    "swing_length_std": 0.4617567144171111,
    "z_contact_mean": 0.8485294431731503,
    "z_contact_std": 0.07077864010982816,
    "xiso_mean": 0.14322013729977115,
    "xiso_std": 0.06893294832786404,
    "input_correlation": 0.6297651553549345,
    "output_correlation": -0.10579160441856232
  },
  "fit_date": "2026-02-22T11:10:00.145449",
  "model_type": "joint_multioutput_ridge",
  "intercept": [
    0.8512805027924858,
    0.14390903902206809
  ],
  "coefficients": [
    [
      -0.0169879311883769,
      -0.006862072474814373,
      -0.005827149609189064,
      0.008782742444769944,
      -0.0024549751703193436
    ],
    [
      0.03818787629095087,
      0.002862695860572942,
      0.0024775622628392785,
      0.0026144290807827405,
      -0.0048129403213597235
    ]
  ],
  "r_squared": {
    "z_contact": 0.08486570880813116,
    "xiso": 0.27171077586712566
  },
  "residual_covariance": [
    [
      0.0045844712919433026,
      0.00016747321020085736
    ],
    [
      0.00016747321020085736,
      0.0034606493150134265
    ]
  ]
}