{
  "scaler_mean": [
    71.2221465076661,
    7.271124361158432
  ],
  "scaler_std": [
    2.715057419178902,
    0.4107749312695642
  ],
  "poly_degree": 2,
  "poly_include_bias": false,
  "feature_names": [
    "x0",
    "x1",
    "x0^2",
    "x0 x1",
    "x1^2"
  ],
  "poly_powers": [
    [
      1,
      0
    ],
    [
      0,
      1
    ],
    [
      2,
      0
    ],
    [
      1,
      1
    ],
    [
      0,
      2
    ]
  ],
  "target_transforms": {
    "z_contact": "logit",
    "xiso": "log"
  },
  "training_stats": {
    "n_observations": 587,
    "min_swings_per_batter_season": 500,
    "swing_sample_n_min": 500,
    "swing_sample_n_median": 858.0,
    "swing_sample_n_max": 1432,
    "bat_speed_mean": 71.2221465076661,
    "bat_speed_std": 2.7173730336033826,
    "swing_length_mean": 7.271124361158432,
    "swing_length_std": 0.411125272426014,
    "z_contact_mean": 0.8648415672913117,
    "z_contact_std": 0.04533846105440421,
    "xiso_mean": 0.17030323679727427,
    "xiso_std": 0.056101825146131455,
    "input_correlation": 0.5685483881323541,
    "output_correlation": -0.46992143439086786
  },
  "fit_date": "2026-02-25T13:54:32.309927",
  "model_type": "joint_pls2_poly_transformed",
  "intercept": [
    1.9177742054629778,
    -1.8266100333539035
  ],
  "coefficients": [
    [
      -0.15259718108715992,
      -0.09137238182815664,
      0.007826160759320513,
      0.01046477315448679,
      0.010805842294484991
    ],
    [
      0.15659879718041342,
      0.09286742200191182,
      -0.0021823892422282837,
      -0.004956882859185725,
      -0.005567919674764162
    ]
  ],
  "pls_n_components": 2,
  "r_squared": {
    "z_contact": 0.2951540500573677,
    "xiso": 0.4337958738704454
  },
  "residual_covariance": [
    [
      0.12666927622374607,
      -0.022760013349362392
    ],
    [
      -0.022760013349362392,
      0.06756695988246618
    ]
  ]
}