{
  "scaler_mean": [
    68.90566886601457,
    7.157605272354929
  ],
  "scaler_std": [
    3.4829981616765306,
    0.46731676685576606
  ],
  "feature_names": [
    "x0",
    "x1",
    "x0^2",
    "x0 x1",
    "x1^2"
  ],
  "training_stats": {
    "n_observations": 1311,
    "bat_speed_mean": 68.90566886601457,
    "bat_speed_std": 3.4843272966845267,
    "swing_length_mean": 7.157605272354929,
    "swing_length_std": 0.467495098007785
  },
  "fit_date": "2026-02-18T19:23:48.432805",
  "z_contact": {
    "intercept": 0.8504361810263876,
    "coefficients": [
      -0.009203071932572306,
      -0.00853942236010985,
      -0.008595560713960532,
      0.01008696633724814,
      -0.00022113682784709844
    ],
    "r_squared": 0.05419289469484467
  },
  "xiso": {
    "intercept": 0.14280581253198482,
    "coefficients": [
      0.03900916227425138,
      0.0019580517039756544,
      0.002689064386999721,
      0.002179626171505998,
      -0.0037678673325123434
    ],
    "r_squared": 0.28023446445145217
  }
}