test_year,n_train,n_test,z_contact_r2,xiso_r2,z_contact_rmse,xiso_rmse
2024,292,295,0.1936804235219256,0.42079644822904605,0.04110023590677492,0.04253315326527884
2025,295,292,0.2796633369688917,0.336783390165977,0.0380311582776653,0.0456660394283047
