feature,vip
bat_speed_z,1.4017019368247523
bat_speed_z^2,0.892514700826924
bat_speed_z swing_length_z,0.8860654480322308
swing_length_z,0.8576693739661742
swing_length_z^2,0.84731367029777
