Variable,Chi_Square,df,p_value,Cramers_V
Count,265910.73,77,0,0.3235
Outs,338.39,14,1.1190277334754904e-63,0.0216
Base State,1657.49,49,3.7715717e-315,0.0255
